time(seconds),activatory proteins(h),repressory proteins(i),Q proteins(q),Qc proteins(qc)
0,10.000026660527324,10.000026660527324,2.656065723862503E-7,2.656071840341356E-7
30,11.304600230714957,11.304600230714957,0.08082981332322473,0.06925860116109181
60,16.174052972668818,16.174052972668818,0.45703290904867533,0.40188944835667334
90,24.313010884477837,24.313010884477837,1.195217176020832,1.0752719074223342
120,35.00565476847375,35.00565476847375,2.3078758878194345,2.1130163582654777
150,47.658395113821484,47.658395113821484,3.7953634050211265,3.521496096336781
180,61.8353981429025,61.8353981429025,5.6544845317554895,5.300401213817054
210,77.2356261671033,77.2356261671033,7.880454442792266,7.446323155362273
240,93.65126513636342,93.65126513636342,10.427514120182362,9.919277916242429
270,110.90208744499651,110.90208744499651,11.459517371412456,11.126286169375197
300,128.82009050497393,128.82009050497393,11.67667686785772,11.515512233649604
330,147.28951829246256,147.28951829246256,11.728428759418687,11.657709082647097
360,166.23363904723936,166.23363904723936,11.740381816094617,11.711218120015713
390,185.55817257109794,185.55817257109794,11.745233811240258,11.733982104650769
420,205.18443110675656,205.18443110675656,11.745947204161164,11.742439238702309
450,225.08762616782892,225.08762616782892,11.746865106209228,11.74662345164366
480,245.47158380668694,245.47158380668694,11.749103994927028,11.750058184143953
510,265.7032892457422,265.7032892457422,11.750417468869712,11.751890729562664
540,285.7200210444302,285.7200210444302,11.750704491215952,11.752538777548585
570,305.8457250367804,305.8457250367804,11.752528578102142,11.754398858991372
600,325.8858297917401,325.8858297917401,11.752192685180983,11.754235066790695
630,345.82971221063127,345.82971221063127,11.754144701082465,11.756092530896568
660,365.77343054530195,365.77343054530195,11.755102001291068,11.757100130754477
690,385.7479785570792,385.7479785570792,11.754509117608377,11.756626426319992
720,405.7747951295412,405.7747951295412,11.756665675043106,11.758627125071847
750,425.9078002950385,425.9078002950385,11.757694177775816,11.759691574830681
780,446.24743917587483,446.24743917587483,11.75696667353392,11.759090354975822
810,466.77529709305287,466.77529709305287,11.759341037155242,11.761286226588108
840,487.5126930543532,487.5126930543532,11.760430720766143,11.762416369607445
870,508.54173437722716,508.54173437722716,11.759553193885052,11.761680677092421
900,529.9431424245851,529.9431424245851,11.762128730505381,11.764058727980782
930,552.4235903863664,552.4235903863664,11.7515223612608,11.755019425821224
960,575.0857825730081,575.0857825730081,11.756085129337944,11.758024107177503
990,597.651797515167,597.651797515167,11.762581384429005,11.763933539334019
1020,620.52448563106,620.52448563106,11.764273406723682,11.765950317369356
1050,643.8085412980719,643.8085412980719,11.763871186384598,11.765796012245252
1080,667.4399003915902,667.4399003915902,11.76662011108336,11.76844151208094
1110,691.2696288853482,691.2696288853482,11.767503484828042,11.769473914510831
1140,715.5020567308062,715.5020567308062,11.766775781595197,11.76884997952297
1170,740.20414338632,740.20414338632,11.769613180816629,11.771490811343671
1200,765.1604419691993,765.1604419691993,11.75360576913806,11.75746242690748
1230,790.534798487214,790.534798487214,11.764110279460553,11.765553419920202
1260,816.55032002579,816.55032002579,11.769918389490645,11.771153964211098
1290,843.155717341028,843.155717341028,11.771027685036918,11.772743076352723
1320,870.3079273432901,870.3079273432901,11.77096763990595,11.772847289385613
1350,898.368027309289,898.368027309289,11.773783606633408,11.77557665425514
1380,928.479650640969,928.479650640969,11.774152848759822,11.776189075216188
1410,959.4502801483559,959.4502801483559,11.773811163186833,11.775846837840291
1440,990.9625055239167,990.9625055239167,11.776661029903789,11.778518596792491
1470,1023.8331789292286,1023.8331789292286,11.776926466946191,11.779005358368225
1500,1058.0994536219564,1058.0994536219564,11.776442862424783,11.778505007784032
1530,1094.206029570318,1094.206029570318,11.779354291690039,11.781220495041644
1560,1131.867404878316,1131.867404878316,11.779517752821974,11.781616323330612
1590,1171.2412071894223,1171.2412071894223,11.778888368415648,11.78096803578637
1620,1213.1065375035316,1213.1065375035316,11.781856696761134,11.783728414543157
1650,1257.2578550770274,1257.2578550770274,11.781913872798121,11.784031349877823
1680,1303.661607411079,1303.661607411079,11.781134985438424,11.783232298584187
1710,1353.2045144910408,1353.2045144910408,11.784157182120861,11.786034822894068
1740,1406.14056820246,1406.14056820246,11.78410572064402,11.786242546549616
1770,1462.5656727040482,1462.5656727040482,11.78317559463182,11.785290930898285
1800,1523.515679268475,1523.515679268475,11.78625056969528,11.788134401769456
1830,1591.6932427866097,1591.6932427866097,11.786089989470387,11.788246310478515
1860,1665.3073215128973,1665.3073215128973,11.785008681665525,11.787142067148704
1890,1744.5042315866724,1744.5042315866724,11.788137054064178,11.79002698197728
1920,1831.6605878578748,1831.6605878578748,11.787868495589484,11.790044100122499
1950,1928.0299334089839,1928.0299334089839,11.786637594700272,11.788788711682061
1980,2035.6534138091586,2035.6534138091586,11.789821423306096,11.791717025509309
2010,2155.6141893258246,2155.6141893258246,11.789447373638804,11.79164174349118
2040,2289.792256741811,2289.792256741811,11.788069720697706,11.790237965122657
2070,2441.5535457593014,2441.5535457593014,11.788779016366249,11.791240588670005
2100,2611.9914420499204,2611.9914420499204,11.785587557231592,11.788048161194514
2130,2803.9715977478595,2803.9715977478595,11.788377886511432,11.790462720640264
2160,3020.9863385968642,3020.9863385968642,11.78825672607892,11.79048808436336
2190,3263.9476372277463,3263.9476372277463,11.787546821044835,11.789531894990654
2220,3536.8606838012397,3536.8606838012397,11.78925763147789,11.791362896969748
2250,3843.3109620007285,3843.3109620007285,11.790204999099604,11.792039027529645
2280,4193.228126716942,4193.228126716942,11.78814734040773,11.79013755753705
2310,4576.592498461557,4576.592498461557,11.786664849525144,11.78892442836732
2340,4994.491247234894,4994.491247234894,11.785851409677209,11.788324615897837
2370,5453.854417560913,5453.854417560913,11.786225441365573,11.788649420747108
2400,5951.297077735498,5951.297077735498,11.786769412396714,11.789154283593273
2430,6490.066043131503,6490.066043131503,11.787322924590715,11.789692983588377
2460,7071.136370299609,7071.136370299609,11.79018808025686,11.792081521448871
2490,7692.915103881139,7692.915103881139,11.793180753152308,11.794858267545699
2520,8354.43551112558,8354.43551112558,11.786273502933165,11.788931968976778
2550,9054.080749405131,9054.080749405131,11.790884818901434,11.792788635245362
2580,9789.999958870656,9789.999958870656,11.791725485518041,11.793969416563643
2610,10562.99211578326,10562.99211578326,11.79169703927322,11.79352191541286
2640,11367.53447536485,11367.53447536485,11.788292069498354,11.790712556123406
2670,12204.932232470566,12204.932232470566,11.791159519154968,11.793633250411238
2700,13071.989491765236,13071.989491765236,11.793883178326205,11.795715532585854
2730,13985.667488357616,13985.667488357616,11.791933321258796,11.793851770044872
2760,14914.650955412966,14914.650955412966,11.79010222003136,11.792373614374098
2790,15858.239836875326,15858.239836875326,11.790169289556728,11.792435406262134
2820,16820.833659652344,16820.833659652344,11.79062188448289,11.792838287745086
2850,17803.082416851856,17803.082416851856,11.791121557818526,11.793312597534667
2880,18807.03131413397,18807.03131413397,11.79376298027992,11.795514927549892
2910,19829.569269666164,19829.569269666164,11.796763012968224,11.798325367678641
2940,20869.260380123786,20869.260380123786,11.7877746872041,11.79063545036049
2970,21924.871136195008,21924.871136195008,11.791582206012189,11.793798709515048
3000,22995.61564928861,22995.61564928861,11.796780066224981,11.798477114082685
3030,24079.23386483093,24079.23386483093,11.790042260680504,11.792568160758576
3060,25174.008883769577,25174.008883769577,11.797042331825676,11.798733052703197
3090,26278.94701075967,26278.94701075967,11.790614241170571,11.79311495899803
3120,27392.003398368375,27392.003398368375,11.794342696035635,11.796769771747504
3150,28513.935413985793,28513.935413985793,11.795895429587397,11.797518906869556
3180,29664.99759859502,29664.99759859502,11.791678043987131,11.794072325411163
3210,30810.94395287898,30810.94395287898,11.788608494308985,11.791624340931053
3240,31942.187242331453,31942.187242331453,11.799661397185885,11.801107012401499
3270,33060.775218411334,33060.775218411334,11.798688357734044,11.80032165201234
3300,34172.93040925699,34172.93040925699,11.797483037188703,11.798976007819107
3330,35275.447947153814,35275.447947153814,11.79720674576927,11.798798402080063
3360,36364.01544229771,36364.01544229771,11.797582255055834,11.799134989871554
3390,37440.98875317284,37440.98875317284,11.798261689484097,11.831521037451765
3420,38504.79414040538,38504.79414040538,11.700569889724537,15.034704769725119
3450,39550.42975091733,39550.42975091733,11.384654344219683,26.611673754766294
3480,40574.47119091757,40574.47119091757,10.86758270747423,43.32762562554921
3510,41565.7770364543,41565.7770364543,10.19900047397839,59.561061609139735
3540,42507.56688644501,42507.56688644501,9.373549972470832,75.33297028809837
3570,43387.52409865333,43387.52409865333,8.475316708691215,89.33914344232204
3600,44197.0160166429,44197.0160166429,7.626007267695773,96.30656993755738
3630,44934.49016574417,44934.49016574417,6.8488074758955015,98.52539407876075
3660,45587.227661675104,45587.227661675104,6.143554359637313,99.34536728610834
3690,46160.77636938418,46160.77636938418,5.505523290904833,99.67971410595541
3720,46660.21881561686,46660.21881561686,4.929202847188063,99.82043039113945
3750,47090.725419902454,47090.725419902454,4.409213963918523,99.88052975003706
3780,47458.61540356256,47458.61540356256,3.9405253850482733,99.90696955972531
3810,47766.515833317695,47766.515833317695,3.51848864570512,99.91844890739637
3840,48014.8518539689,48014.8518539689,3.138827282192011,99.92353650296225
3870,48197.59661293517,48197.59661293517,2.7976151672450995,99.9264490632972
3900,48306.2426710187,48306.2426710187,2.491252993085968,99.92818913453056
3930,48331.419862201255,48331.419862201255,2.216445219998396,99.92917219992823
3960,48267.53854951462,48267.53854951462,1.9701780716719848,99.93009787099481
3990,48113.47053687175,48113.47053687175,1.749698707034657,99.93091732318324
4020,47872.45111897996,47872.45111897996,1.5524955788312502,99.93139941099358
4050,47551.711533120644,47551.711533120644,1.3762799557862495,99.93250691684302
4080,47158.04114114574,47158.04114114574,1.2189685743864194,99.9329503765399
4110,46704.86821799314,46704.86821799314,1.078667381769659,99.93378270073534
4140,46199.51109893592,46199.51109893592,0.9536563286661063,99.93444160808902
4170,45650.85977955125,45650.85977955125,0.8423751696801842,99.93506163195251
4200,45065.88785197539,45065.88785197539,0.7434102271054212,99.93577032443291
4230,44451.81085815198,44451.81085815198,0.6554820738095217,99.93671208362954
4260,43813.70728719334,43813.70728719334,0.57743409045545,99.93717337438015
4290,43157.10321079222,43157.10321079222,0.5082218523876237,99.93776004256333
4320,42487.680967900495,42487.680967900495,0.4469033018704483,99.93858792339289
4350,41808.12265239342,41808.12265239342,0.39262966198171706,99.93910978197876
4380,41122.40517094196,41122.40517094196,0.3446370493005005,99.94016503045206
4410,40434.475881137594,40434.475881137594,0.30223874355498553,99.94044545201697
4440,39745.40292861298,39745.40292861298,0.2648180735803745,99.94136801898523
4470,39059.22981721908,39059.22981721908,0.23182188025164463,99.94238131869756
4500,38376.96599385961,38376.96599385961,0.20275451847516973,99.9429104835174
4530,37700.07919126912,37700.07919126912,0.17717236182342957,99.9439978720391
4560,37031.26616324516,37031.26616324516,0.15467877495669433,99.94473149425855
4590,36370.01716744126,36370.01716744126,0.13491952057567805,99.94538966599933
4620,35717.33029974088,35717.33029974088,0.11757856927240116,99.94601536901772
4650,35074.36590872056,35074.36590872056,0.10237428227783449,99.94682815410805
4680,34438.544705419714,34438.544705419714,0.08905593873080613,99.94732192602052
4710,33810.52637215663,33810.52637215663,0.07740058070170527,99.94756264088274
4740,33188.23486228949,33188.23486228949,0.06721015078653181,99.94844763993468
4770,32570.569802401977,32570.569802401977,0.05830889863352123,99.94910579688596
4800,31956.319843520076,31956.319843520076,0.05054103426872282,99.9497367154542
4830,31345.02521959119,31345.02521959119,0.043768607542742234,99.9504251195413
4860,30735.93257448543,30735.93257448543,0.03786959442376184,99.95129962820377
4890,30129.60003730902,30129.60003730902,0.03273617220830174,99.9518560568811
4920,29525.70955847256,29525.70955847256,0.028273167008366643,99.95262348940425
4950,28925.073868368625,28925.073868368625,0.02439665809981738,99.95358626211832
4980,28327.93214161319,28327.93214161319,0.02103272488100013,99.95404570768238
5010,27735.309558216715,27735.309558216715,0.01811632329244627,99.95483261318158
5040,27147.454476580155,27147.454476580155,0.015590279588040767,99.95560055792538
5070,26565.267679135162,26565.267679135162,0.013404390326094444,99.95650844496672
5100,25989.05214855234,25989.05214855234,0.01151461836639244,99.95680308134399
5130,25419.328603709175,25419.328603709175,0.009882375517942693,99.957652626967
5160,24856.905613452996,24856.905613452996,0.008473883283588604,99.95862113717082
5190,24302.11654801424,24302.11654801424,0.007259603893847435,99.95898133156433
5220,23755.332978045957,23755.332978045957,0.006213734515455098,99.95980909369554
5250,23216.949698083376,23216.949698083376,0.0053137581624414015,99.9602040015392
5280,22687.336501262445,22687.336501262445,0.004540045431524944,99.96129404522306
5310,22166.769438410363,22166.769438410363,0.0038755017316627763,99.96192905209749
5340,21655.456636300885,21655.456636300885,0.003305255182203544,99.96225931143417
5370,21153.598951989443,21153.598951989443,0.0028163808177714385,99.9626410650186
5400,20661.332958923907,20661.332958923907,0.0023976571632178976,99.96395993124658
5430,20178.83417774662,20178.83417774662,0.00203935163115422,99.96478459603212
5460,19706.278529724328,19706.278529724328,0.0017330315500949946,99.96541340618836
5490,19243.69821121841,19243.69821121841,0.001471397955406218,99.96596646893329
5520,18791.26899029836,18791.26899029836,0.0012481395702863384,99.96652177758436
5550,18348.855691230292,18348.855691230292,0.0010578046720525936,99.96736231502035
5580,17916.50215447492,17916.50215447492,8.956887820966244E-4,99.96810308083028
5610,17494.246587800168,17494.246587800168,7.577363379562416E-4,99.96877612752624
5640,17082.058802874577,17082.058802874577,6.404547048630155E-4,99.9699028912962
5670,16679.886149509013,16679.886149509013,5.408390636031125E-4,99.97065497143892
5700,16287.716265161436,16287.716265161436,4.563068732046644E-4,99.97144319805578
5730,15905.460134921601,15905.460134921601,3.846407523677438E-4,99.97180328943374
5760,15533.042827811572,15533.042827811572,3.2393875411136836E-4,99.97258868114561
5790,15170.396237586057,15170.396237586057,2.725711251566489E-4,99.9732606176152
5820,14817.384129772272,14817.384129772272,2.2914274633115283E-4,99.97378784912965
5850,14473.938237978678,14473.938237978678,1.9246054391080622E-4,99.97400672994496
5880,14139.869227197694,14139.869227197694,1.6150524536822343E-4,99.97527151264606
5910,13815.168232561175,13815.168232561175,1.354069274432337E-4,99.97576406468936
5940,13499.63481778431,13499.63481778431,1.1342387068614917E-4,99.9768416336099
5970,13193.098779628654,13193.098779628654,9.49242934663667E-5,99.97707423625098
6000,12895.4566345671,12895.4566345671,7.937059063713162E-5,99.97792947538008
6030,12606.456787481316,12606.456787481316,6.630574828523149E-5,99.97910534745648
6060,12325.995033852674,12325.995033852674,5.53416468941092E-5,99.97917639131141
6090,12053.8815127835,12053.8815127835,4.6149001375570056E-5,99.97977119153762
6120,11789.950617777517,11789.950617777517,3.8448718291167995E-5,99.98048681070378
6150,11534.019938933416,11534.019938933416,3.20044786529948E-5,99.98126374079808
6180,11285.892623388032,11285.892623388032,2.6616379383382695E-5,99.98218179255953
6210,11045.379479779267,11045.379479779267,2.2115488201022263E-5,99.9829119148761
6240,10812.278914593539,10812.278914593539,1.8359185726328717E-5,99.98356749120573
6270,10586.389101694138,10586.389101694138,1.522718526601122E-5,99.98454306445572
6300,10367.523107123674,10367.523107123674,1.261813531848262E-5,99.98536060152952
6330,10155.422878366075,10155.422878366075,1.0446722582040355E-5,99.98603962664767
6360,9949.980814261644,9949.980814261644,8.641204364498581E-6,99.98656048596199
6390,9750.918620874581,9750.918620874581,7.141308980373011E-6,99.98700187293433
6420,9558.09371954558,9558.09371954558,5.896451152613602E-6,99.98791330435365
6450,9371.275590646283,9371.275590646283,4.864216763744224E-6,99.98835083868056
6480,9190.2706152456,9190.2706152456,4.009077662244626E-6,99.98939597521482
6510,9014.869883860549,9014.869883860549,3.301302744624042E-6,99.98994455093698
6540,8844.84706072031,8844.84706072031,2.716036308436548E-6,99.99087931496035
6570,8680.041989272066,8680.041989272066,2.232518800512621E-6,99.99152780123
6600,8520.2973494658,8520.2973494658,1.8334286507810601E-6,99.99200237382526
6630,8365.417150237445,8365.417150237445,1.5043269581403674E-6,99.99314530951999
6660,8215.211390738215,8215.211390738215,1.2331894449392477E-6,99.99389930006845
6690,8069.473095500389,8069.473095500389,1.010012376918509E-6,99.99448890429136
6720,7928.036925335345,7928.036925335345,8.26481105140347E-7,99.9950355724217
6750,7790.807774593876,7790.807774593876,6.756915685075987E-7,99.99531007005943
6780,7657.518090389548,7657.518090389548,5.519165375190143E-7,99.99682778518147
6810,7528.183005725337,7528.183005725337,4.5040961467117053E-7,99.99740488951117
6840,7402.460551736176,7402.460551736176,3.672410629213732E-7,99.99764072226334
6870,7280.308762412262,7280.308762412262,2.991604356636733E-7,99.99846021588547
6900,7161.6096018470125,7161.6096018470125,2.4348175126737797E-7,99.99906463166131
6930,7046.040734822826,7046.040734822826,1.9798761104815433E-7,100.0002264765933
6960,6933.706437398049,6933.706437398049,1.6084921774221466E-7,100.00053521383427
6990,6824.3791708441395,6824.3791708441395,1.305597261041123E-7,100.00096690870052
7020,6717.795985123016,6717.795985123016,1.0587876020839355E-7,100.00264611383115
7050,6614.105405095832,6614.105405095832,8.578627380350905E-8,100.00259660830932
7080,6512.965266797497,6512.965266797497,6.944421959618505E-8,100.00342736111081
7110,6414.386701467774,6414.386701467774,5.6164738334775984E-8,100.0046678853227
7140,6318.244518826796,6318.244518826796,4.538378562188717E-8,100.00456693302024
7170,6224.370339293843,6224.370339293843,3.663928918926828E-8,100.00539574802572
7200,6132.772596517926,6132.772596517926,2.9553076767290133E-8,100.0071120472728
7230,6043.251051329301,6043.251051329301,2.3815938830262763E-8,100.00715398842232
7260,5955.774713239227,5955.774713239227,1.9175294945137404E-8,100.00771296816997
7290,5870.252263796652,5870.252263796652,1.542502022120823E-8,100.00886124918114
7320,5786.616433941522,5786.616433941522,1.2397062030885164E-8,100.00873135609446
7350,5704.684843377804,5704.684843377804,9.954538940616594E-9,100.0104874281528
7380,5624.57023616444,5624.57023616444,7.986065521222696E-9,100.01050149446196
7410,5545.963147851688,5545.963147851688,6.4010899809074285E-9,100.01160972484388
7440,5468.963986393054,5468.963986393054,5.126067723594911E-9,100.01198839166453
7470,5393.490748417976,5393.490748417976,4.101324115788553E-9,100.01264531032865
7500,5319.322885470001,5319.322885470001,3.278484907247522E-9,100.01335058859698
7530,5246.662574503436,5246.662574503436,2.618373705473001E-9,100.01378080415411
7560,5175.206047633981,5175.206047633981,2.0892933353885797E-9,100.01371815176728
7590,5104.963571643428,5104.963571643428,1.6656223999805414E-9,100.01031331138111
7620,5036.040510102184,5036.040510102184,1.326670379935266E-9,100.00831745189849
7650,4968.167208809249,4968.167208809249,1.0557445779575226E-9,100.00632315406895
7680,4901.3201339096595,4901.3201339096595,8.393904685028081E-10,100.00419500247418
7710,4835.53505693052,4835.53505693052,6.667738428388696E-10,100.00308156015734
7740,4770.776615048805,4770.776615048805,5.291787827497024E-10,100.00331623162786
7770,4707.001247595682,4707.001247595682,4.196001545970368E-10,100.00401552500568
7800,4644.08614591112,4644.08614591112,3.324131565781966E-10,100.0044283886183
7830,4582.001797260305,4582.001797260305,2.631056157968875E-10,100.00494825549032
7860,4520.716432664182,4520.716432664182,2.0806133480345693E-10,100.00547982644149
7890,4460.312113590244,4460.312113590244,1.6438492662161074E-10,100.00621746830575
7920,4400.685072415143,4400.685072415143,1.2976033364966468E-10,100.00670362405069
7950,4341.768447773369,4341.768447773369,1.0233666621010462E-10,100.00731167760493
7980,4283.427150949807,4283.427150949807,8.06361764950305E-11,100.00806957984706
8010,4225.734232608031,4225.734232608031,6.348014925668712E-11,100.00891915755908
8040,4168.715535974028,4168.715535974028,4.992927991844554E-11,100.00967263257303
8070,4112.3323017541115,4112.3323017541115,3.9235755320024744E-11,100.0099850326862
8100,4056.5155969393463,4056.5155969393463,3.080477805648972E-11,100.01071945400666
8130,4001.1909325726187,4001.1909325726187,2.416370375950867E-11,100.01151663655881
8160,3946.4419810196086,3946.4419810196086,1.8937309357387034E-11,100.01197875312587
8190,3892.1931116677447,3892.1931116677447,1.482799386342155E-11,100.01270224736764
8220,3838.426027589254,3838.426027589254,1.1599943517186038E-11,100.01367041420609
8250,3785.108960191124,3785.108960191124,9.066479938950237E-12,100.01413249057691
8280,3732.2666150620257,3732.2666150620257,7.0799613873624615E-12,100.01499534613613
8310,3679.791045551727,3679.791045551727,5.523729814410993E-12,100.01558923955601
8340,3627.7256960693317,3627.7256960693317,4.3056955719353726E-12,100.01589693060434
8370,3576.0493830965593,3576.0493830965593,3.353231738783166E-12,100.01636338387938
8400,3524.735762945019,3524.735762945019,2.6091146969391687E-12,100.01686656467211
8430,3473.773668443412,3473.773668443412,2.028299715399026E-12,100.0176729951346
8460,3423.157877736258,3423.157877736258,1.575362285748776E-12,100.0180947768721
8490,3372.8567455437646,3372.8567455437646,1.2224697323072327E-12,100.01903996644118
8520,3322.8735304353295,3322.8735304353295,9.477747678176508E-13,100.01963706728422
8550,3273.1773262526317,3273.1773262526317,7.341444618522589E-13,100.02027724199185
8580,3223.710433043127,3223.710433043127,5.681555701321676E-13,100.02099317289874
8610,3174.559342165543,3174.559342165543,4.3930117855264605E-13,100.02150756406998
8640,3125.7176827229705,3125.7176827229705,3.393648251260958E-13,100.02217544269976
8670,3077.165477790209,3077.165477790209,2.619272252320487E-13,100.02332171559445
8700,3028.886722851492,3028.886722851492,2.019778835828118E-13,100.02374372899203
8730,2980.75361442398,2980.75361442398,1.5560958743995092E-13,100.02412238777615
8760,2932.8616895222303,2932.8616895222303,1.197783276030921E-13,100.02467056071977
8790,2885.1921471364735,2885.1921471364735,9.211481804873573E-14,100.02535341563197
8820,2837.794203834694,2837.794203834694,7.077666788108637E-14,100.02592060110722
8850,2790.6341462676014,2790.6341462676014,5.433254983627826E-14,100.02678852512805
8880,2743.6492804820323,2743.6492804820323,4.1671527736820196E-14,100.02739699781479
8910,2696.8372303443857,2696.8372303443857,3.1932146975681275E-14,100.02815096577244
8940,2650.229225388127,2650.229225388127,2.4447034098296247E-14,100.02875507695173
8970,2603.8321248027996,2603.8321248027996,1.869965521716853E-14,100.02928922914097
9000,2557.589367049879,2557.589367049879,1.4290597340324775E-14,100.0300467717939
9030,2511.416554294876,2511.416554294876,1.0911300806341148E-14,100.03061599451112
9060,2465.517824352456,2465.517824352456,8.32361603550515E-15,100.03156968309226
9090,2419.877590063673,2419.877590063673,6.343908513387726E-15,100.03188877066238
9120,2374.3402870327814,2374.3402870327814,4.830712024299061E-15,100.03269060944338
9150,2329.0130948111273,2329.0130948111273,3.675147296950275E-15,100.0334163804632
9180,2283.922950313765,2283.922950313765,2.793493828305493E-15,100.03408568294459
9210,2238.87396322557,2238.87396322557,2.1214365530063527E-15,100.03475944976317
9240,2194.0430541753663,2194.0430541753663,1.6096140139256146E-15,100.0353741174667
9270,2149.4800878937253,2149.4800878937253,1.2201769239940239E-15,100.03613037805935
9300,2104.970006573857,2104.970006573857,9.241303564050502E-16,100.03658116214497
9330,2060.6739626699814,2060.6739626699814,6.992830995343091E-16,100.03715455963116
9360,2016.628186167061,2016.628186167061,5.286669914085657E-16,100.03744521587603
9390,1972.6645455635041,1972.6645455635041,3.993196899933616E-16,100.03792832035667
9420,1928.9554438831099,1928.9554438831099,3.013482150201186E-16,100.03930251953194
9450,1885.427232652714,1885.427232652714,2.2720918800406496E-16,100.03947877818507
9480,1841.9047228472582,1841.9047228472582,1.711561561557956E-16,100.04027515666608
9510,1798.779110823782,1798.779110823782,1.2881562005408286E-16,100.04079856590025
9540,1755.8240886820781,1755.8240886820781,9.686210470660189E-17,100.04141597120478
9570,1713.188400960423,1713.188400960423,7.276937494209263E-17,100.04207127637227
9600,1670.7540083583026,1670.7540083583026,5.462013354770924E-17,100.04269030568724
9630,1628.5907702159536,1628.5907702159536,4.09605935573106E-17,100.0434389480867
9660,1586.6810969891724,1586.6810969891724,3.0689449339925444E-17,100.04457142719374
9690,1545.0144304964529,1545.0144304964529,2.2973190924968438E-17,100.04502497761953
9720,1503.6750948299305,1503.6750948299305,1.7181572918700843E-17,100.04503475242674
9750,1462.6048304730461,1462.6048304730461,1.2838488292945957E-17,100.04607991801527
9780,1421.906667797536,1421.906667797536,9.584605270845449E-18,100.04694651649794
9810,1381.5351853538207,1381.5351853538207,7.148977776351851E-18,100.04720330846827
9840,1341.5555398167944,1341.5555398167944,5.327494813393157E-18,100.04777459959648
9870,1301.9605505336656,1301.9605505336656,3.966536891504815E-18,100.04862637594671
9900,1262.7746564897518,1262.7746564897518,2.9505931803355896E-18,100.04973055130579
9930,1223.7635621889222,1223.7635621889222,2.192888475894686E-18,100.04979479644291
9960,1185.4051404896038,1185.4051404896038,1.628295156866907E-18,100.05038019077698
9990,1147.6121385048177,1147.6121385048177,1.2079781876642967E-18,100.05112240139695
10020,1110.4255365221961,1110.4255365221961,8.953532807736087E-19,100.05204051827124
10050,1073.8739591645099,1073.8739591645099,6.6303910384265675E-19,100.05289416791793
10080,1037.9231385695978,1037.9231385695978,4.905612412588657E-19,100.05384865648529
10110,1002.6466214944209,1002.6466214944209,3.626241290182016E-19,100.05459034304428
10140,968.1026851321006,968.1026851321006,2.678116977739724E-19,100.05506888320693
10170,934.2815858622669,934.2815858622669,1.9761129511120395E-19,100.05575792600295
10200,901.2286911885946,901.2286911885946,1.4568115112075687E-19,100.05601004109757
10230,868.9971729670917,868.9971729670917,1.0730114171997232E-19,100.05590290365346
10260,837.5927303535167,837.5927303535167,7.896137468950626E-20,100.05613695899956
10290,807.0739391822896,807.0739391822896,5.805430599475094E-20,100.05633077221594
10320,777.4709593311165,777.4709593311165,4.2644551831384435E-20,100.0582961401801
10350,748.7557044338213,748.7557044338213,3.1296952574123476E-20,100.05845942982505
10380,720.7758315950877,720.7758315950877,2.2948268872941828E-20,100.05837629437502
10410,693.803580337456,693.803580337456,1.681152801384265E-20,100.05993453193811
10440,667.8847295878443,667.8847295878443,1.2304779316476234E-20,100.06014858042155
10470,642.9973754315494,642.9973754315494,8.998080031675347E-21,100.06164470374854
10500,619.0280481224949,619.0280481224949,6.574084113184087E-21,100.06205015743566
10530,596.0282392890618,596.0282392890618,4.79877120346915E-21,100.0625953425757
10560,574.0698316906509,574.0698316906509,3.499727377695435E-21,100.06386188612703
10590,553.096875955126,553.096875955126,2.5500445599326634E-21,100.06434777908252
10620,533.1368825549087,533.1368825549087,1.856396359308142E-21,100.06450611557148
10650,514.2852657847973,514.2852657847973,1.350215319334138E-21,100.06507660594856
10680,496.57586574891656,496.57586574891656,9.811710805525351E-22,100.06582867718362
10710,480.02863804194396,480.02863804194396,7.123539429985187E-22,100.06614369523405
10740,464.74532584509944,464.74532584509944,5.167212376111477E-22,100.06707940052763
10770,450.819083322106,450.819083322106,3.744778865970448E-22,100.06786834983386
10800,438.28792332545265,438.28792332545265,2.711473905282107E-22,100.06844973206697
10830,427.11252580054764,427.11252580054764,1.961525996972787E-22,100.06881984615028
10860,417.4646327698981,417.4646327698981,1.4177253179114735E-22,100.06975010873079
10890,409.4154394811008,409.4154394811008,1.0237631890844158E-22,100.07027941095372
10920,402.8204503787522,402.8204503787522,7.386119212043916E-23,100.0710932278063
10950,397.7067550592711,397.7067550592711,5.324054651087408E-23,100.0712211001169
10980,394.0113627305868,394.0113627305868,3.834229339303291E-23,100.07222023533657
11010,391.56213059129936,391.56213059129936,2.758818038948702E-23,100.07402955569412
11040,390.26842004565515,390.26842004565515,1.9832497954437265E-23,100.07396383470173
11070,390.02958013845256,390.02958013845256,1.4244301906325268E-23,100.07440791572307
11100,390.6969618939253,390.6969618939253,1.0221492463077487E-23,100.07471982128041
11130,392.1785401308034,392.1785401308034,7.328192129377662E-24,100.07576339645873
11160,394.35367058183084,394.35367058183084,5.2491474617357E-24,100.07653034020827
11190,397.0686972508816,397.0686972508816,3.756557943512962E-24,100.07754684590556
11220,400.27081637355315,400.27081637355315,2.6859678103320076E-24,100.0776300744391
11250,403.8791543815601,403.8791543815601,1.918761114401007E-24,100.07809198624999
11280,407.8360182731222,407.8360182731222,1.369463328160122E-24,100.07866174413101
11310,412.0051321548251,412.0051321548251,9.765383424339184E-25,100.08040247231816
11340,416.28157306425,416.28157306425,6.95724964720788E-25,100.0797271393781
11370,420.7654316640098,420.7654316640098,4.952166866226021E-25,100.08142456911533
11400,425.3727350140976,425.3727350140976,3.521781017641913E-25,100.0815963690123
11430,429.98173813343413,429.98173813343413,2.502296811586922E-25,100.08202844817198
11460,434.77192593386303,434.77192593386303,1.7763342649616757E-25,100.08266876703202
11490,439.656228135287,439.656228135287,1.2598532510416516E-25,100.08432553189819
11520,444.5337125316286,444.5337125316286,8.927392435260896E-26,100.08516496659496
11550,449.61185573743916,449.61185573743916,6.320314496873875E-26,100.0861795333587
11580,454.7646691380629,454.7646691380629,4.4705622911508185E-26,100.0871625433119
11610,459.98406687151373,459.98406687151373,3.1593301405568947E-26,100.0869792760034
11640,465.45069015396444,465.45069015396444,2.2306799833914372E-26,100.08788313742892
11670,471.00780381190395,471.00780381190395,1.573580370828384E-26,100.08819375843025
11700,476.6865809638353,476.6865809638353,1.1090470958476418E-26,100.08810812598126
11730,482.66095053796033,482.66095053796033,7.809450006939128E-27,100.08888248491526
11760,488.7812988333638,488.7812988333638,5.4941474461720426E-27,100.08867837373944
11790,494.9690744650113,494.9690744650113,3.861798178215098E-27,100.0893825549431
11820,501.421178582207,501.421178582207,2.7119909653326304E-27,100.0893536463578
11850,508.0215704641453,508.0215704641453,1.9028138596239766E-27,100.08911513371248
11880,514.725010481057,514.725010481057,1.3338708348107608E-27,100.09151972828619
11910,521.7189128477697,521.7189128477697,9.34201695235815E-28,100.0925970094929
11940,528.8147213842003,528.8147213842003,6.536976584595205E-28,100.09177597808224
11970,536.0828063600077,536.0828063600077,4.570067473357373E-28,100.0936610034524
12000,543.6390577347765,543.6390577347765,3.192108906298167E-28,100.09454080421362
12030,551.2928935023082,551.2928935023082,2.2276255639962646E-28,100.09398456268585
12060,559.2281821747187,559.2281821747187,1.553159625045524E-28,100.09578930139888
12090,567.4556001222084,567.4556001222084,1.0819305850804703E-28,100.09608739948291
12120,575.8431343844136,575.8431343844136,7.529950315347606E-29,100.09652238826304
12150,584.6201175485381,584.6201175485381,5.235934808716292E-29,100.0976091948017
12180,593.8534741623114,593.8534741623114,3.637523087933073E-29,100.09796736793878
12210,603.3943209962652,603.3943209962652,2.5247983334008825E-29,100.0993904013748
12240,613.1863957352693,613.1863957352693,1.750882653521154E-29,100.1001541462003
12270,623.5004136956462,623.5004136956462,1.2131005361340741E-29,100.10052529826336
12300,634.2175679449934,634.2175679449934,8.397421624702045E-30,100.09980985951657
12330,645.3782764766269,645.3782764766269,5.807704807087893E-30,100.1007540176912
12360,657.1741960563345,657.1741960563345,4.0130310476926384E-30,100.10193037140182
12390,669.4062805161003,669.4062805161003,2.7704474502123376E-30,100.10269837434302
12420,682.2730814560059,682.2730814560059,1.910894568031913E-30,100.10315989909735
12450,695.8107940066529,695.8107940066529,1.3168398095522493E-30,100.10395347452427
12480,709.9047969121714,709.9047969121714,9.066477363060334E-31,100.10439032684793
12510,724.8421555250022,724.8421555250022,6.236682412055229E-31,100.10508689778158
12540,740.5270440731523,740.5270440731523,4.286255849252963E-31,100.10563932082317
12570,757.0138349802702,757.0138349802702,2.943147085454131E-31,100.10630757637638
12600,774.5952032782359,774.5952032782359,2.019088046409022E-31,100.1063970535456
12630,793.501187395546,793.501187395546,1.3839103710726848E-31,100.10788192236052
12660,813.4485931606198,813.4485931606198,9.476982664642827E-32,100.10776560250979
12690,834.4772065281489,834.4772065281489,6.483979377881327E-32,100.10871450773963
12720,857.106068647656,857.106068647656,4.43223297604428E-32,100.10960782296131
12750,881.1974458273752,881.1974458273752,3.027003713515064E-32,100.1107918298395
12780,907.1601888910152,907.1601888910152,2.0654407678253438E-32,100.11119876508582
12810,935.2906833845946,935.2906833845946,1.408062572048638E-32,100.11201792139475
12840,965.5619579122897,965.5619579122897,9.590485284783849E-33,100.11205544599915
12870,998.6123610867245,998.6123610867245,6.526324015276702E-33,100.1129101097216
12900,1034.54894157668,1034.54894157668,4.437170326304268E-33,100.11362446369745
12930,1073.6854343418775,1073.6854343418775,3.0140676030726986E-33,100.11484196560264
12960,1116.8033344025282,1116.8033344025282,2.0455462297429902E-33,100.11497831266044
12990,1163.9189258531665,1163.9189258531665,1.3869954324192443E-33,100.1153264213996
13020,1216.0443470681305,1216.0443470681305,9.396155271257537E-34,100.11566545554145
13050,1273.8935692234875,1273.8935692234875,6.359672645752088E-34,100.1158455683351
13080,1339.220484700774,1339.220484700774,4.300597138077742E-34,100.11759292754651
13110,1411.505916782968,1411.505916782968,2.9055756370823357E-34,100.11794289840255
13140,1491.4180858806258,1491.4180858806258,1.9613045391806E-34,100.11809831789958
13170,1581.4933334155128,1581.4933334155128,1.3227181303842002E-34,100.1199148967394
13200,1681.746200015186,1681.746200015186,8.912488958086772E-35,100.11958107589636
13230,1795.1116543434591,1795.1116543434591,5.999846356094353E-35,100.1206856178182
13260,1923.0648117118305,1923.0648117118305,4.03543800639331E-35,100.12181860147508
13290,2067.481293079531,2067.481293079531,2.7117562998975397E-35,100.12183484725846
13320,2231.934660504816,2231.934660504816,1.8206231605583665E-35,100.12245789571509
13350,2417.3496569543317,2417.3496569543317,1.2212340277527101E-35,100.12333442987106
13380,2627.0447499222437,2627.0447499222437,8.184405884002566E-36,100.1232883284616
13410,2864.0621536042936,2864.0621536042936,5.480054155702509E-36,100.12492775881809
13440,3129.009492480061,3129.009492480061,3.665995871451414E-36,100.12538746631202
13470,3427.0954947196747,3427.0954947196747,2.450239422442575E-36,100.12633145142922
13500,3759.4702249454654,3759.4702249454654,1.636192906216749E-36,100.12678192674343
13530,4135.29233317667,4135.29233317667,1.0916160670309669E-36,100.1277748618623
13560,4545.947667070617,4545.947667070617,7.276369839420743E-37,100.1279387445006
13590,4991.470941929838,4991.470941929838,4.84583969745869E-37,100.12780597599696
13620,5477.777020055618,5477.777020055618,3.2242800404996394E-37,100.12936394194764
13650,6000.944701885432,6000.944701885432,2.1434131950916513E-37,100.12971007122786
13680,6565.137303029373,6565.137303029373,1.4236016388680948E-37,100.13063631091832
13710,7168.011629243734,7168.011629243734,9.44670804398965E-38,100.13076233327081
13740,7810.722097302635,7810.722097302635,6.26299324001642E-38,100.13108187842336
13770,8492.563353043995,8492.563353043995,4.148516563212866E-38,100.13274976942516
13800,9209.54047615369,9209.54047615369,2.7454475443344136E-38,100.13388350552654
13830,9964.827198695963,9964.827198695963,1.815277017757676E-38,100.13366969324362
13860,10752.757805121915,10752.757805121915,1.1991737300153456E-38,100.1343960644747
13890,11574.70669401109,11574.70669401109,7.914632258716334E-39,100.13377482665562
13920,12425.11709159463,12425.11709159463,5.21901823789197E-39,100.1358511798254
13950,13307.752094275615,13307.752094275615,3.438399440995049E-39,100.13597342980793
13980,14236.768340360373,14236.768340360373,2.2632539162615316E-39,100.13747045401767
14010,15180.231933317667,15180.231933317667,1.4884000435546155E-39,100.13723225734162
14040,16141.32466961343,16141.32466961343,9.779474277027716E-40,100.13844529774696
14070,17125.636835198547,17125.636835198547,6.4197894546096556E-40,100.13830768368634
14100,18132.30192516623,18132.30192516623,4.210517761252938E-40,100.13928894796688
14130,19163.897905718073,19163.897905718073,2.7590505989476865E-40,100.13989506265104
14160,20218.170874897405,20218.170874897405,1.8063140922949533E-40,100.1412414919545
14190,21290.374588620933,21290.374588620933,1.1815070549304896E-40,100.14132370513859
14220,22381.573790925715,22381.573790925715,7.721271308761418E-41,100.14189531462662
14250,23485.766346948785,23485.766346948785,5.041395296030859E-41,100.14257587317793
14280,24604.767393687278,24604.767393687278,3.2886839333149867E-41,100.1432500061787
14310,25732.411725919254,25732.411725919254,2.1433987239028262E-41,100.1440817012633
14340,26867.64791587166,26867.64791587166,1.3957037522587302E-41,100.14464012879243
14370,28006.793895252627,28006.793895252627,9.08014893458118E-42,100.14554185401828
14400,29151.557647301317,29151.557647301317,5.902039967299956E-42,100.14693320871282
14430,30323.58470448455,30323.58470448455,3.832840696266286E-42,100.14665185242087
14460,31489.457818613326,31489.457818613326,2.4868457109442252E-42,100.14739911841534
14490,32640.562930769265,32640.562930769265,1.612079161445847E-42,100.14751883165286
14520,33778.36090060942,33778.36090060942,1.0440789437600053E-42,100.14881038379225
14550,34907.632721178,34907.632721178,6.75600188086037E-43,100.14907588319583
14580,36026.48718199714,36026.48718199714,4.367728536367373E-43,100.15083840895565
14610,37132.03247937668,37132.03247937668,2.821181109279884E-43,100.15245728199193
14640,38225.15862452199,38225.15862452199,0.021881242067208047,100.150919325174
14670,39302.57953642017,39302.57953642017,2.5099707998684213,99.11681427705727
14700,40360.10406441281,40360.10406441281,10.292996998597822,93.2559360703771
14730,41399.79259558696,41399.79259558696,21.583220953482495,83.35656988425629
14760,42422.32182304585,42422.32182304585,34.84978806086834,70.56595030230909
14790,43420.28154538266,43420.28154538266,49.21870497251596,56.11828571077465
14820,44380.724798364914,44380.724798364914,65.23153144103023,40.467220319095276
14850,45285.81555820275,45285.81555820275,78.08396097946519,27.473820240646187
14880,46125.57303873659,46125.57303873659,87.02907325944176,18.213394730624973
14910,46878.6176157574,46878.6176157574,93.01538245198533,11.919018923059841
14940,47542.78633001116,47542.78633001116,97.4026517705077,7.736316276123809
14970,48120.073987176125,48120.073987176125,99.56483252066435,4.993569051992987
15000,48615.26864695206,48615.26864695206,100.01695276130062,3.210462954991611
15030,49034.123224156516,49034.123224156516,100.12988279110766,2.0580523811863096
15060,49381.44128775295,49381.44128775295,100.1593117328403,1.3163362483600114
15090,49660.3162097607,49660.3162097607,100.1684749914216,0.840407101484273
15120,49868.267387270425,49868.267387270425,100.17134329741212,0.5357392015903314
15150,49997.67252971419,49997.67252971419,100.17237662394533,0.3410723777312325
15180,50040.05883407361,50040.05883407361,100.1738021811681,0.21689270940078414
15210,49988.44752746838,49988.44752746838,100.1737767092184,0.1377804149699839
15240,49840.823068744154,49840.823068744154,100.17406014073455,0.08743676923390137
15270,49600.04405713489,49600.04405713489,100.17521943599509,0.05543430356204575
15300,49272.816413237226,49272.816413237226,100.17496770316711,0.03511160296292042
15330,48866.180818214496,48866.180818214496,100.17576648973133,0.022218622679481145
15360,48394.72555817973,48394.72555817973,100.1766657210989,0.014046977477513777
15390,47866.299262805165,47866.299262805165,100.17716334277159,0.008872609566059784
15420,47291.41882171188,47291.41882171188,100.1774667423818,0.0055991880308162295
15450,46677.00502040655,46677.00502040655,100.17889223856321,0.0035302518335698467
15480,46030.50173567698,46030.50173567698,100.17971207368375,0.00222379389218644
15510,45358.628039713185,45358.628039713185,100.17950560111075,0.0013995631190119031
15540,44666.73461357972,44666.73461357972,100.18071240677763,8.800355225298885E-4
15570,43960.38456545007,43960.38456545007,100.18123793365677,5.52863779143253E-4
15600,43243.198590948334,43243.198590948334,100.18169022083532,3.470137088252159E-4
15630,42520.0808143445,42520.0808143445,100.18208361320629,2.1761354763493332E-4
15660,41793.45884514706,41793.45884514706,100.18207197518733,1.3634405567229693E-4
15690,41065.82582397956,41065.82582397956,100.18461695196119,8.534883587375024E-5
15720,40341.18897101313,40341.18897101313,100.18393120283135,5.337897233924297E-5
15750,39620.40028092927,39620.40028092927,100.18480828763187,3.335447449832504E-5
15780,38905.41972045744,38905.41972045744,100.18667335358988,2.0823289755584866E-5
15810,38198.8400362764,38198.8400362764,100.18716790923088,1.2988409503532006E-5
15840,37500.610804126336,37500.610804126336,100.1886302766682,8.09420185217794E-6
15870,36811.15088676388,36811.15088676388,100.18909551558059,5.039686786384555E-6
15900,36131.08754719541,36131.08754719541,100.18992927970103,3.1350505320869767E-6
15930,35458.136389712476,35458.136389712476,100.18993439823024,1.948484929038907E-6
15960,34792.43671830415,34792.43671830415,100.18954471344611,1.2099323357275413E-6
15990,34131.4765790416,34131.4765790416,100.19111685487741,7.506485702815563E-7
16020,33474.98976217301,33474.98976217301,100.19210466914836,4.652900907900456E-7
16050,32821.15316792447,32821.15316792447,100.19326430255485,2.88152588881736E-7
16080,32170.414847534328,32170.414847534328,100.19402908080312,1.7829240575740355E-7
16110,31522.008684430377,31522.008684430377,100.19358520310716,1.1021857137338738E-7
16140,30876.675681071538,30876.675681071538,100.19347181871532,6.807510799489909E-8
16170,30234.688875390566,30234.688875390566,100.19565181506383,4.2008149671841486E-8
16200,29596.452432111128,29596.452432111128,100.19795716986148,2.5899604489313013E-8
16230,28962.82796948843,28962.82796948843,100.19877044856285,1.595394676928401E-8
16260,28334.82585964066,28334.82585964066,100.19739418425162,9.818778035272148E-9
16290,27712.766104090082,27712.766104090082,100.19778824875607,6.037543308190321E-9
16320,27097.292534232252,27097.292534232252,100.19848200122729,3.7091642442886386E-9
16350,26489.10339674529,26489.10339674529,100.19990789636124,2.2766932229974848E-9
16380,25888.68515674428,25888.68515674428,100.19945335551387,1.3961927661905273E-9
16410,25296.534151912343,25296.534151912343,100.20115926373025,8.554576660647431E-10
16440,24713.150363802244,24713.150363802244,100.20138635209469,5.236774036608805E-10
16470,24138.96753514231,24138.96753514231,100.20205062543252,3.2028843540545953E-10
16500,23574.290193930086,23574.290193930086,100.20334484623244,1.9571802319121753E-10
16530,23019.39511027178,23019.39511027178,100.20495137277392,1.1949114942643381E-10
16560,22474.51789449369,22474.51789449369,100.20613653404665,7.288807261189374E-11
16590,21939.864321269706,21939.864321269706,100.20737221272643,4.4421350710523574E-11
16620,21415.60815318107,21415.60815318107,100.20819636627284,2.7048352153012185E-11
16650,20901.855392707206,20901.855392707206,100.20872165342038,1.6455197548705936E-11
16680,20398.66745185215,20398.66745185215,100.20929485729496,1.000180282307848E-11
16710,19906.294979462706,19906.294979462706,100.21007412786221,6.073879326097562E-12
16740,19424.618763518636,19424.618763518636,100.20943460209152,3.685246759157366E-12
16770,18953.70126548032,18953.70126548032,100.20985429916531,2.23398082311024E-12
16800,18493.55309067231,18493.55309067231,100.2093216031933,1.353021529872713E-12
16830,18044.12793392944,18044.12793392944,100.20998827366489,8.187330841613121E-13
16860,17605.378818134577,17605.378818134577,100.21030730969296,4.949853234089044E-13
16890,17177.255734098653,17177.255734098653,100.2099773518978,2.9898861182752385E-13
16920,16759.704151912745,16759.704151912745,100.21392488725644,1.8043854472617405E-13
16950,16352.591864715454,16352.591864715454,100.21377682939033,1.087970369029138E-13
16980,15955.84035118064,15955.84035118064,100.21287145337041,6.554229883446468E-14
17010,15569.307943537719,15569.307943537719,100.21619122741144,3.944958690355173E-14
17040,15192.890545718194,15192.890545718194,100.21443901826504,2.3723478031294902E-14
17070,14826.48194456968,14826.48194456968,100.21625157983446,1.4253732761678897E-14
17100,14469.975169977504,14469.975169977504,100.215370178777,8.556431966492946E-15
17130,14123.163640066829,14123.163640066829,100.21860113396622,5.131806614386698E-15
17160,13786.05309110345,13786.05309110345,100.21988551407121,3.075113297016234E-15
17190,13458.431825274292,13458.431825274292,100.21943582106773,1.841047792132179E-15
17220,13140.079629242186,13140.079629242186,100.218899389649,1.101240063119187E-15
17250,12830.917346834984,12830.917346834984,100.22137268679697,6.581304487739242E-16
17280,12530.682645130939,12530.682645130939,100.22238796841869,3.9296852583589124E-16
17310,12239.256730043793,12239.256730043793,100.22200410875897,2.3443332989917735E-16
17340,11956.449873289064,11956.449873289064,100.22294082675616,1.397319451043295E-16
17370,11682.08087167023,11682.08087167023,100.22515998567366,8.321204589519964E-17
17400,11415.987735445693,11415.987735445693,100.22516811198574,4.950971947789291E-17
17430,11158.02693793636,11158.02693793636,100.22515602064847,2.9431274996126314E-17
17460,10908.004235276163,10908.004235276163,100.2268209136281,1.7480071470605136E-17
17490,10665.720103384074,10665.720103384074,100.22675084283698,1.037272051169605E-17
17520,10430.963142752042,10430.963142752042,100.22690349965171,6.149750271585525E-18
17550,10203.536375790169,10203.536375790169,100.22848507435042,3.642812067794379E-18
17580,9983.221531584733,9983.221531584733,100.22861609172445,2.1559072276794196E-18
17610,9769.900823160842,9769.900823160842,100.2279788729847,1.274785505963843E-18
17640,9563.309456232388,9563.309456232388,100.2310983069111,7.531088513455402E-19
17670,9363.317020248885,9363.317020248885,100.23093346606088,4.445205851528227E-19
17700,9169.653620629757,9169.653620629757,100.23252388081517,2.6214370767545063E-19
17730,8982.153297596755,8982.153297596755,100.23205676780152,1.5445444221128205E-19
17760,8800.631278054612,8800.631278054612,100.23231763634512,9.092321063716969E-20
17790,8624.869547506016,8624.869547506016,100.23431413106837,5.3476457508870267E-20
17820,8454.701041335542,8454.701041335542,100.2341955541534,3.142441913103231E-20
17850,8289.939600772337,8289.939600772337,100.2352623237702,1.8449690230092957E-20
17880,8130.38855833797,8130.38855833797,100.23445555374632,1.0822484091200496E-20
17910,7975.864018205721,7975.864018205721,100.23714667391532,6.3427869597170054E-21
17940,7826.183690131104,7826.183690131104,100.23779360723225,3.714052903702417E-21
17970,7681.165856950505,7681.165856950505,100.23848619207638,2.172853846242258E-21
18000,7540.631012457287,7540.631012457287,100.23949891625671,1.2700686708812813E-21
18030,7404.438685002442,7404.438685002442,100.23898117863502,7.417166286118674E-22
18060,7272.4302957131995,7272.4302957131995,100.2408935826617,4.327757006869234E-22
18090,7144.449694393186,7144.449694393186,100.24048512529497,2.522909730611381E-22
18120,7020.330216916857,7020.330216916857,100.24174936442328,1.4694506941533012E-22
18150,6899.918257219514,6899.918257219514,100.24284113391153,8.551164150372019E-23
18180,6782.98102082904,6782.98102082904,100.2419531689742,4.971775822212511E-23
18210,6669.443950170144,6669.443950170144,100.24548902071822,2.8881057973516385E-23
18240,6559.25690696294,6559.25690696294,100.24543614780683,1.6762141987282717E-23
18270,6452.232740071615,6452.232740071615,100.24542044327698,9.719872380225078E-24
18300,6348.157512686943,6348.157512686943,100.24635007983345,5.631266925575112E-24
18330,6246.935565744764,6246.935565744764,100.24629019983112,3.259632468028338E-24
18360,6148.533127517099,6148.533127517099,100.24918396288568,1.885180181604797E-24
18390,6052.8014141704025,6052.8014141704025,100.25033647914954,1.0893251949958142E-24
18420,5959.560311339527,5959.560311339527,100.24920535063677,6.289019663150038E-25
18450,5868.776557005771,5868.776557005771,100.25120975260586,3.627731431027906E-25
18480,5780.294222072477,5780.294222072477,100.25178377556716,2.0907989823394983E-25
18510,5694.091822166804,5694.091822166804,100.25029437918644,1.2039613713319716E-25
18540,5609.98469943584,5609.98469943584,100.25210106109861,6.926828577642145E-26
18570,5527.941645890846,5527.941645890846,100.2525575767129,3.981775169496728E-26
18600,5447.81122591078,5447.81122591078,100.2509904509149,2.2868542043420545E-26
18630,5369.613794061588,5369.613794061588,100.25276479533156,1.3122570524017903E-26
18660,5293.120017450305,5293.120017450305,100.25320006274046,7.523482830580666E-27
18690,5218.414037712194,5218.414037712194,100.25161090360075,4.3096144472080346E-27
18720,5145.272905698817,5145.272905698817,100.25338504412446,2.4664726578296586E-27
18750,5073.750349466959,5073.750349466959,100.2548974972449,1.4103665006392577E-27
18780,5003.675798985882,5003.675798985882,100.25325803890988,8.057587536094771E-28
18810,4935.069528364423,4935.069528364423,100.25565261428717,4.599336117132305E-28
18840,4867.779158974035,4867.779158974035,100.25644733573087,2.6230231087408406E-28
18870,4801.854259092086,4801.854259092086,100.25544671972857,1.4946027688783747E-28
18900,4737.075831905328,4737.075831905328,100.25738364238848,8.508755407820682E-29
18930,4673.53688945777,4673.53688945777,100.25842202322097,4.839748768290362E-29
18960,4611.145742731872,4611.145742731872,100.25742813191971,2.7504013682863914E-29
18990,4549.830351503542,4549.830351503542,100.25806119531836,1.5616575019910997E-29
19020,4489.578666238297,4489.578666238297,100.24983844716607,8.859148155038203E-30
19050,4430.297485776551,4430.297485776551,100.24419080423513,5.021281914754627E-30
19080,4371.95268485805,4371.95268485805,100.23807335213675,2.8435105424802667E-30
19110,4314.5410909344055,4314.5410909344055,100.23436820902864,1.6088448777472485E-30
19140,4257.94661316542,4257.94661316542,100.22997446957928,9.094776066347694E-31
19170,4202.185914073102,4202.185914073102,100.2288771254135,5.136769971921797E-31
19200,4147.237961925924,4147.237961925924,100.22972940439296,2.898731670796346E-31
19230,4093.0180241075104,4093.0180241075104,100.23103761793024,1.634348557469713E-31
19260,4039.502805990879,4039.502805990879,100.23140769356367,9.206606913169557E-32
19290,3986.6854848679213,3986.6854848679213,100.23117939447455,5.181702471985013E-32
19320,3934.532950826791,3934.532950826791,100.23204183365084,2.913822727797544E-32
19350,3883.003464156944,3883.003464156944,100.23332602481884,1.6371003831889263E-32
19380,3832.012127746753,3832.012127746753,100.23380981291014,9.190027794505498E-33
19410,3781.646064960335,3781.646064960335,100.23443213252136,5.154488669597983E-33
19440,3731.7996176122206,3731.7996176122206,100.23452690796358,2.8885530339671514E-33
19470,3682.483811700447,3682.483811700447,100.23515992865109,1.6173354914169196E-33
19500,3633.6449683759815,3633.6449683759815,100.2364123793663,9.047822179797828E-34
19530,3585.2707262107224,3585.2707262107224,100.23739586536439,5.057215140252217E-34
19560,3537.3676408742795,3537.3676408742795,100.23769071210259,2.8242400506416342E-34
19590,3489.8887555645792,3489.8887555645792,100.23730617379802,1.5758622030117617E-34
19620,3442.8244513006857,3442.8244513006857,100.23856405073337,8.785618148026032E-35
19650,3396.1670476013837,3396.1670476013837,100.24002052687901,4.893975327194298E-35
19680,3349.8671196667296,3349.8671196667296,100.24106200201774,2.7238612220502115E-35
19710,3303.931307579451,3303.931307579451,100.24101364460843,1.5147486092105292E-35
19740,3258.3372342716166,3258.3372342716166,100.24178676730371,8.416417826418126E-36
19770,3213.0723383401764,3213.0723383401764,100.24253320962826,4.6724662337714517E-36
19800,3168.118400198673,3168.118400198673,100.24286298154529,2.5918005061344526E-36
19830,3123.4094375744266,3123.4094375744266,100.24293960356913,1.4364669764891112E-36
19860,3079.0375138189333,3079.0375138189333,100.24304684588726,7.954723740242706E-37
19890,3034.9535659307076,3034.9535659307076,100.24501670769632,4.40136689622274E-37
19920,2991.1243820693567,2991.1243820693567,100.24556405939147,2.4332198575118036E-37
19950,2947.5701164622724,2947.5701164622724,100.24710398932379,1.3440181290730553E-37
19980,2904.2496165351,2904.2496165351,100.24632071359831,7.417505339603371E-38
20010,2861.1936331235183,2861.1936331235183,100.24719121771203,4.090145567118139E-38
20040,2818.3866389654377,2818.3866389654377,100.24788713864965,2.2534495406179132E-38
20070,2775.782414631607,2775.782414631607,100.24926243616099,1.240469431919028E-38
20100,2733.3423254274057,2733.3423254274057,100.25003224794274,6.822638774108881E-39
